2010-01-04,6.515213
2010-01-05,6.526476
2010-01-06,6.422664
2010-01-07,6.41079
2010-01-08,6.453412
2010-01-11,6.396483
2010-01-12,6.323721
2010-01-13,6.412922
2010-01-14,6.375781
2010-01-15,6.269228
2010-01-19,6.546568
2010-01-20,6.445801
2010-01-21,6.334377
2010-01-22,6.020202
2010-01-25,6.182159
2010-01-26,6.269532
2010-01-27,6.328594
2010-01-28,6.067085
2010-01-29,5.846978
2010-02-01,5.928262
2010-02-02,5.962664
2010-02-03,6.065258
2010-02-04,5.846675
2010-02-05,5.950485
2010-02-08,5.909691
2010-02-09,5.97271
2010-02-10,5.940135
2010-02-11,6.04821
2010-02-12,6.100267
2010-02-16,6.192206
2010-02-17,6.16633
2010-02-18,6.177899
2010-02-19,6.13954
2010-02-22,6.101485
2010-02-23,5.999194
2010-02-24,6.108792
2010-02-25,6.149586
2010-02-26,6.229348
2010-03-01,6.362388
2010-03-02,6.358125
2010-03-03,6.372737
2010-03-04,6.41475
2010-03-05,6.665604
2010-03-08,6.66956
2010-03-09,6.789509
2010-03-10,6.844915
2010-03-11,6.865008
2010-03-12,6.898496
2010-03-15,6.814474
2010-03-16,6.833044
2010-03-17,6.822996
2010-03-18,6.839131
2010-03-19,6.766067
2010-03-22,6.842176
2010-03-23,6.952076
2010-03-24,6.982823
2010-03-25,6.900018
2010-03-26,7.029403
2010-03-29,7.074763
2010-03-30,7.180099
2010-03-31,7.15422
2010-04-01,7.183752
2010-04-05,7.26047
2010-04-06,7.292436
2010-04-07,7.324705
2010-04-08,7.304917
2010-04-09,7.360933
2010-04-12,7.376155
2010-04-13,7.380417
2010-04-14,7.479662
2010-04-15,7.577995
2010-04-16,7.531722
2010-04-19,7.521674
2010-04-20,7.446175
2010-04-21,7.891561
2010-04-22,8.112279
2010-04-23,8.24501
2010-04-26,8.204519
2010-04-27,7.97741
2010-04-28,7.964018
2010-04-29,8.178341
2010-04-30,7.948493
2010-05-03,8.108625
2010-05-04,7.875123
2010-05-05,7.793227
2010-05-06,7.496711
2010-05-07,7.180401
2010-05-10,7.732343
2010-05-11,7.809365
2010-05-12,7.978937
2010-05-13,7.865381
2010-05-14,7.72717
2010-05-17,7.739347
2010-05-18,7.682718
2010-05-19,7.560337
2010-05-20,7.238246
2010-05-21,7.377069
2010-05-24,7.512238
2010-05-25,7.465353
2010-05-26,7.431562
2010-05-27,7.71286
2010-05-28,7.820323
2010-06-01,7.940574
2010-06-02,8.035563
2010-06-03,8.010294
2010-06-04,7.792314
2010-06-07,7.639492
2010-06-08,7.590479
2010-06-09,7.403857
2010-06-10,7.626399
2010-06-11,7.717732
2010-06-14,7.741173
2010-06-15,7.905871
2010-06-16,8.136026
2010-06-17,8.276673
2010-06-18,8.343647
2010-06-21,8.224918
2010-06-22,8.336953
2010-06-23,8.249273
2010-06-24,8.189301
2010-06-25,8.11928
2010-06-28,8.167991
2010-06-29,7.79871
2010-06-30,7.65745
2010-07-01,7.5646
2010-07-02,7.517719
2010-07-06,7.569166
2010-07-07,7.874815
2010-07-08,7.857161
2010-07-09,7.90374
2010-07-12,7.832808
2010-07-13,7.665669
2010-07-14,7.693986
2010-07-15,7.655016
2010-07-16,7.607831
2010-07-19,7.476313
2010-07-20,7.66841
2010-07-21,7.739955
2010-07-22,7.885476
2010-07-23,7.913482
2010-07-26,7.893391
2010-07-27,8.039518
2010-07-28,7.944535
2010-07-29,7.857771
2010-07-30,7.831589
2010-08-02,7.971627
2010-08-03,7.974065
2010-08-04,8.006034
2010-08-05,7.967061
2010-08-06,7.918048
2010-08-09,7.968585
2010-08-10,7.897347
2010-08-11,7.616658
2010-08-12,7.665367
2010-08-13,7.583476
2010-08-16,7.539032
2010-08-17,7.670848
2010-08-18,7.704338
2010-08-19,7.607227
2010-08-20,7.599915
2010-08-23,7.483012
2010-08-24,7.304307
2010-08-25,7.394418
2010-08-26,7.314965
2010-08-27,7.355757
2010-08-30,7.382548
2010-08-31,7.400814
2010-09-01,7.62092
2010-09-02,7.676934
2010-09-03,7.877862
2010-09-07,7.848638
2010-09-08,8.004205
2010-09-09,8.008769
2010-09-10,8.019121
2010-09-13,8.129631
2010-09-14,8.160684
2010-09-15,8.226438
2010-09-16,8.419759
2010-09-17,8.383226
2010-09-20,8.622513
2010-09-21,8.63895
2010-09-22,8.76012
2010-09-23,8.795733
2010-09-24,8.899241
2010-09-27,8.863931
2010-09-28,8.733021
2010-09-29,8.748548
2010-09-30,8.638343
2010-10-01,8.600896
2010-10-04,8.482776
2010-10-05,8.796344
2010-10-06,8.803955
2010-10-07,8.804869
2010-10-08,8.952519
2010-10-11,8.991787
2010-10-12,9.088602
2010-10-13,9.137312
2010-10-14,9.203374
2010-10-15,9.581786
2010-10-18,9.681034
2010-10-19,9.421956
2010-10-20,9.45362
2010-10-21,9.422871
2010-10-22,9.360464
2010-10-25,9.402168
2010-10-26,9.378119
2010-10-27,9.371423
2010-10-28,9.292577
2010-10-29,9.162882
2010-11-01,9.260302
2010-11-02,9.418001
2010-11-03,9.522727
2010-11-04,9.689251
2010-11-05,9.654547
2010-11-08,9.699907
2010-11-09,9.62258
2010-11-10,9.681946
2010-11-11,9.639934
2010-11-12,9.377512
2010-11-15,9.34737
2010-11-16,9.181453
2010-11-17,9.148271
2010-11-18,9.389686
2010-11-19,9.337934
2010-11-22,9.539774
2010-11-23,9.398818
2010-11-24,9.583609
2010-11-26,9.589702
2010-11-29,9.64663
2010-11-30,9.472498
2010-12-01,9.63232
2010-12-02,9.6856
2010-12-03,9.663985
2010-12-06,9.746488
2010-12-07,9.687426
2010-12-08,9.772667
2010-12-09,9.734616
2010-12-10,9.758965
2010-12-13,9.792762
2010-12-14,9.750749
2010-12-15,9.752879
2010-12-16,9.779972
2010-12-17,9.760489
2010-12-20,9.809197
2010-12-21,9.869781
2010-12-22,9.899007
2010-12-23,9.851515
2010-12-27,9.884394
2010-12-28,9.908445
2010-12-29,9.902965
2010-12-30,9.853346
2010-12-31,9.819854
2011-01-03,10.033265
2011-01-04,10.085627
2011-01-05,10.168127
2011-01-06,10.15991
2011-01-07,10.232665
2011-01-10,10.425377
2011-01-11,10.400711
2011-01-12,10.485347
2011-01-13,10.523708
2011-01-14,10.60895
2011-01-18,10.370579
2011-01-19,10.315475
2011-01-20,10.127943
2011-01-21,9.9465
2011-01-24,10.273158
2011-01-25,10.39341
2011-01-26,10.467998
2011-01-27,10.44851
2011-01-28,10.232059
2011-01-31,10.330085
2011-02-01,10.503917
2011-02-02,10.482305
2011-02-03,10.455517
2011-02-04,10.548673
2011-02-07,10.712455
2011-02-08,10.813526
2011-02-09,10.903642
2011-02-10,10.793436
2011-02-11,10.863761
2011-02-14,10.934695
2011-02-15,10.956614
2011-02-16,11.054946
2011-02-17,10.907907
2011-02-18,10.672272
2011-02-22,10.308474
2011-02-23,10.43055
2011-02-24,10.438469
2011-02-25,10.599207
2011-02-28,10.752946
2011-03-01,10.634218
2011-03-02,10.719765
2011-03-03,10.946262
2011-03-04,10.959661
2011-03-07,10.818401
2011-03-08,10.830576
2011-03-09,10.730415
2011-03-10,10.55385
2011-03-11,10.715805
2011-03-14,10.7636
2011-03-15,10.516098
2011-03-16,10.046659
2011-03-17,10.187614
2011-03-18,10.066751
2011-03-21,10.329477
2011-03-22,10.387321
2011-03-23,10.326129
2011-03-24,10.502092
2011-03-25,10.702106
2011-03-28,10.668618
2011-03-29,10.684449
2011-03-30,10.613514
2011-03-31,10.609861
2011-04-01,10.48961
2011-04-04,10.387015
2011-04-05,10.316994
2011-04-06,10.291121
2011-04-07,10.292336
2011-04-08,10.200397
2011-04-11,10.07071
2011-04-12,10.11942
2011-04-13,10.232971
2011-04-14,10.120026
2011-04-15,9.969026
2011-04-18,10.102673
2011-04-19,10.28564
2011-04-20,10.42416
2011-04-21,10.676535
2011-04-25,10.746861
2011-04-26,10.668008
2011-04-27,10.659788
2011-04-28,10.556282
2011-04-29,10.65918
2011-05-02,10.54197
2011-05-03,10.600423
2011-05-04,10.642133
2011-05-05,10.556282
2011-05-06,10.553541
2011-05-09,10.582159
2011-05-10,10.638478
2011-05-11,10.570894
2011-05-12,10.550801
2011-05-13,10.366012
2011-05-16,10.146814
2011-05-17,10.233278
2011-05-18,10.346828
2011-05-19,10.366922
2011-05-20,10.20527
2011-05-23,10.180306
2011-05-24,10.113027
2011-05-25,10.25276
2011-05-26,10.19857
2011-05-27,10.27194
2011-05-31,10.589161
2011-06-01,10.518534
2011-06-02,10.536492
2011-06-03,10.455517
2011-06-06,10.291121
2011-06-07,10.108457
2011-06-08,10.114551
2011-06-09,10.091713
2011-06-10,9.921535
2011-06-13,9.942846
2011-06-14,10.120638
2011-06-15,9.947412
2011-06-16,9.899007
2011-06-17,9.749835
2011-06-20,9.599442
2011-06-21,9.903268
2011-06-22,9.821377
2011-06-23,10.083797
2011-06-24,9.935232
2011-06-27,10.108457
2011-06-28,10.206487
2011-06-29,10.169345
2011-06-30,10.21897
2011-07-01,10.450036
2011-07-05,10.637871
2011-07-06,10.708801
2011-07-07,10.874417
2011-07-08,10.950831
2011-07-11,10.776996
2011-07-12,10.769385
2011-07-13,10.89938
2011-07-14,10.891771
2011-07-15,11.109441
2011-07-18,11.379778
2011-07-19,11.472631
2011-07-20,11.778587
2011-07-21,11.790462
2011-07-22,11.973429
2011-07-25,12.131733
2011-07-26,12.281209
2011-07-27,11.951811
2011-07-28,11.928371
2011-07-29,11.887579
2011-08-01,12.078457
2011-08-02,11.83978
2011-08-03,11.951202
2011-08-04,11.488461
2011-08-05,11.374298
2011-08-08,10.752946
2011-08-09,11.386172
2011-08-10,11.071995
2011-08-11,11.376737
2011-08-12,11.476895
2011-08-15,11.672341
2011-08-16,11.58314
2011-08-17,11.581923
2011-08-18,11.143838
2011-08-19,10.838797
2011-08-22,10.851278
2011-08-23,11.373689
2011-08-24,11.452234
2011-08-25,11.377343
2011-08-26,11.677515
2011-08-29,11.872051
2011-08-30,11.87266
2011-08-31,11.715569
2011-09-01,11.599885
2011-09-02,11.387388
2011-09-06,11.560616
2011-09-07,11.688172
2011-09-08,11.694563
2011-09-09,11.491809
2011-09-12,11.566703
2011-09-13,11.709179
2011-09-14,11.851653
2011-09-15,11.963078
2011-09-16,12.192621
2011-09-19,12.531456
2011-09-20,12.586862
2011-09-21,12.546982
2011-09-22,12.232804
2011-09-23,12.308307
2011-09-26,12.273905
2011-09-27,12.154873
2011-09-28,12.086373
2011-09-29,11.890317
2011-09-30,11.608713
2011-10-03,11.404133
2011-10-04,11.3402
2011-10-05,11.515251
2011-10-06,11.488461
2011-10-07,11.258004
2011-10-10,11.836737
2011-10-11,12.186224
2011-10-12,12.244068
2011-10-13,12.43404
2011-10-14,12.847156
2011-10-17,12.785965
2011-10-18,12.854459
2011-10-19,12.135388
2011-10-20,12.03462
2011-10-21,11.960333
2011-10-24,12.353058
2011-10-25,12.109509
2011-10-26,12.195667
2011-10-27,12.320179
2011-10-28,12.328094
2011-10-31,12.322918
2011-11-01,12.071152
2011-11-02,12.098549
2011-11-03,12.270861
2011-11-04,12.184705
2011-11-07,12.169175
2011-11-08,12.36706
2011-11-09,12.033705
2011-11-10,11.727443
2011-11-11,11.709179
2011-11-14,11.546
2011-11-15,11.837343
2011-11-16,11.713743
2011-11-17,11.489678
2011-11-18,11.414481
2011-11-21,11.233956
2011-11-22,11.462281
2011-11-23,11.172457
2011-11-25,11.068341
2011-11-28,11.450403
2011-11-29,11.361515
2011-11-30,11.635506
2011-12-01,11.809945
2011-12-02,11.863832
2011-12-05,11.964602
2011-12-06,11.901884
2011-12-07,11.845262
2011-12-08,11.893056
2011-12-09,11.983169
2011-12-12,11.92898
2011-12-13,11.836737
2011-12-14,11.574311
2011-12-15,11.536258
2011-12-16,11.59958
2011-12-19,11.63581
2011-12-20,12.054105
2011-12-21,12.069323
2011-12-22,12.133255
2011-12-23,12.278774
2011-12-27,12.376194
2011-12-28,12.257767
2011-12-29,12.333267
2011-12-30,12.329616
2012-01-03,12.519279
2012-01-04,12.586557
2012-01-05,12.726295
2012-01-06,12.859333
2012-01-09,12.838936
2012-01-10,12.884906
2012-01-11,12.863899
2012-01-12,12.828583
2012-01-13,12.780487
2012-01-17,12.929354
2012-01-18,13.063609
2012-01-19,13.022205
2012-01-20,12.795399
2012-01-23,13.011854
2012-01-24,12.798751
2012-01-25,13.597893
2012-01-26,13.536093
2012-01-27,13.616768
2012-01-30,13.791207
2012-01-31,13.896845
2012-02-01,13.888021
2012-02-02,13.855445
2012-02-03,13.994267
2012-02-06,14.124866
2012-02-07,14.272827
2012-02-08,14.511809
2012-02-09,15.013823
2012-02-10,15.021429
2012-02-13,15.300903
2012-02-14,15.50974
2012-02-15,15.150814
2012-02-16,15.289025
2012-02-17,15.286284
2012-02-21,15.673834
2012-02-22,15.618728
2012-02-23,15.720719
2012-02-24,15.903984
2012-02-27,16.00597
2012-02-28,16.299751
2012-02-29,16.513763
2012-03-01,16.575573
2012-03-02,16.597181
2012-03-05,16.231253
2012-03-06,16.142963
2012-03-07,16.156059
2012-03-08,16.500069
2012-03-09,16.596888
2012-03-12,16.804811
2012-03-13,17.29495
2012-03-14,17.948877
2012-03-15,17.826498
2012-03-16,17.826792
2012-03-19,18.299585
2012-03-20,18.447542
2012-03-21,18.342203
2012-03-22,18.246004
2012-03-23,18.145847
2012-03-26,18.478596
2012-03-27,18.706923
2012-03-28,18.802513
2012-03-29,18.566275
2012-03-30,18.252401
2012-04-02,18.833261
2012-04-03,19.158703
2012-04-04,19.006176
2012-04-05,19.291433
2012-04-09,19.369064
2012-04-10,19.131912
2012-04-11,19.063721
2012-04-12,18.959293
2012-04-13,18.425314
2012-04-16,17.661184
2012-04-17,18.561398
2012-04-18,18.519999
2012-04-19,17.883726
2012-04-20,17.443516
2012-04-23,17.404549
2012-04-24,17.05689
2012-04-25,18.570532
2012-04-26,18.500515
2012-04-27,18.357424
2012-04-30,17.778395
2012-05-01,17.722071
2012-05-02,17.839275
2012-05-03,17.712637
2012-05-04,17.208191
2012-05-07,17.336964
2012-05-08,17.297386
2012-05-09,17.327831
2012-05-10,17.36862
2012-05-11,17.252636
2012-05-14,16.994167
2012-05-15,16.840429
2012-05-16,16.624584
2012-05-17,16.138708
2012-05-18,16.146616
2012-05-21,17.087326
2012-05-22,16.956108
2012-05-23,17.369843
2012-05-24,17.21032
2012-05-25,17.118074
2012-05-29,17.421902
2012-05-30,17.631958
2012-05-31,17.588123
2012-06-01,17.078493
2012-06-04,17.178955
2012-06-05,17.134512
2012-06-06,17.397242
2012-06-07,17.405153
2012-06-08,17.666969
2012-06-11,17.388412
2012-06-12,17.540323
2012-06-13,17.418549
2012-06-14,17.399363
2012-06-15,17.478527
2012-06-18,17.833189
2012-06-19,17.882816
2012-06-20,17.83198
2012-06-21,17.586294
2012-06-22,17.721159
2012-06-25,17.376236
2012-06-26,17.414593
2012-06-27,17.48979
2012-06-28,17.323872
2012-06-29,17.779005
2012-07-02,18.038382
2012-07-03,18.248133
2012-07-05,18.568707
2012-07-06,18.445099
2012-07-09,18.688961
2012-07-10,18.516035
2012-07-11,18.400961
2012-07-12,18.232605
2012-07-13,18.417402
2012-07-16,18.476467
2012-07-17,18.477373
2012-07-18,18.456676
2012-07-19,18.702044
2012-07-20,18.397007
2012-07-23,18.38269
2012-07-24,18.2941
2012-07-25,17.504101
2012-07-26,17.501356
2012-07-27,17.814316
2012-07-30,18.114796
2012-07-31,18.593668
2012-08-01,18.473413
2012-08-02,18.503252
2012-08-03,18.744059
2012-08-06,18.952593
2012-08-07,18.902676
2012-08-08,18.87071
2012-08-09,18.978329
2012-08-10,19.007988
2012-08-13,19.261747
2012-08-14,19.313425
2012-08-15,19.287123
2012-08-16,19.455591
2012-08-17,19.815443
2012-08-20,20.336424
2012-08-21,20.058516
2012-08-22,20.450172
2012-08-23,20.25939
2012-08-24,20.277422
2012-08-27,20.658375
2012-08-28,20.631475
2012-08-29,20.590811
2012-08-30,20.2973
2012-08-31,20.339184
2012-09-04,20.636669
2012-09-05,20.491751
2012-09-06,20.676416
2012-09-07,20.803917
2012-09-10,20.262751
2012-09-11,20.197016
2012-09-12,20.478294
2012-09-13,20.881573
2012-09-14,21.135338
2012-09-17,21.395222
2012-09-18,21.460344
2012-09-19,21.466146
2012-09-20,21.362196
2012-09-21,21.404701
2012-09-24,21.120352
2012-09-25,20.592947
2012-09-26,20.337355
2012-09-27,20.830812
2012-09-28,20.396051
2012-10-01,20.160328
2012-10-02,20.219025
2012-10-03,20.529047
2012-10-04,20.386879
2012-10-05,19.952417
2012-10-08,19.511541
2012-10-09,19.440613
2012-10-10,19.595314
2012-10-11,19.203657
2012-10-12,19.252882
2012-10-15,19.407282
2012-10-16,19.866814
2012-10-17,19.708437
2012-10-18,19.342466
2012-10-19,18.645374
2012-10-22,19.384966
2012-10-23,18.752991
2012-10-24,18.859083
2012-10-25,18.6362
2012-10-26,18.46682
2012-10-31,18.201437
2012-11-01,18.238739
2012-11-02,17.635202
2012-11-05,17.87429
2012-11-06,17.820175
2012-11-07,17.138319
2012-11-08,16.51638
2012-11-09,16.802315
2012-11-12,16.6724
2012-11-13,16.674545
2012-11-14,16.489651
2012-11-15,16.143816
2012-11-16,16.207079
2012-11-19,17.37575
2012-11-20,17.227705
2012-11-21,17.25197
2012-11-23,17.552961
2012-11-26,18.106733
2012-11-27,17.960846
2012-11-28,17.904333
2012-11-29,18.101509
2012-11-30,17.976198
2012-12-03,18.004152
2012-12-04,17.686565
2012-12-05,16.548313
2012-12-06,16.807846
2012-12-07,16.378162
2012-12-10,16.272814
2012-12-11,16.628176
2012-12-12,16.554764
2012-12-13,16.268822
2012-12-14,15.657608
2012-12-17,15.935268
2012-12-18,16.398117
2012-12-19,16.165003
2012-12-20,16.02434
2012-12-21,15.950623
2012-12-24,15.97643
2012-12-26,15.756212
2012-12-27,15.819472
2012-12-28,15.651472
2012-12-31,16.34499
2013-01-02,16.862825
2013-01-03,16.649977
2013-01-04,16.186195
2013-01-07,16.090988
2013-01-08,16.134289
2013-01-09,15.882132
2013-01-10,16.079002
2013-01-11,15.980413
2013-01-14,15.410672
2013-01-15,14.924469
2013-01-16,15.543972
2013-01-17,15.439238
2013-01-18,15.356928
2013-01-22,15.503428
2013-01-23,15.787225
2013-01-24,13.83659
2013-01-25,13.510406
2013-01-28,13.816011
2013-01-29,14.075235
2013-01-30,14.031008
2013-01-31,13.989852
2013-02-01,13.932416
2013-02-04,13.585349
2013-02-05,14.062027
2013-02-06,14.046982
2013-02-07,14.464649
2013-02-08,14.673488
2013-02-11,14.826404
2013-02-12,14.454765
2013-02-13,14.42727
2013-02-14,14.414294
2013-02-15,14.215655
2013-02-19,14.2104
2013-02-20,13.866258
2013-02-21,13.780062
2013-02-22,13.926805
2013-02-25,13.679355
2013-02-26,13.869967
2013-02-27,13.734033
2013-02-28,13.636104
2013-03-01,13.298446
2013-03-04,12.976542
2013-03-05,13.319146
2013-03-06,13.149852
2013-03-07,13.301845
2013-03-08,13.337064
2013-03-11,13.527052
2013-03-12,13.235426
2013-03-13,13.232952
2013-03-14,13.36116
2013-03-15,13.705921
2013-03-18,14.078492
2013-03-19,14.040498
2013-03-20,13.966037
2013-03-21,13.986122
2013-03-22,14.269715
2013-03-25,14.321305
2013-03-26,14.245929
2013-03-27,13.966037
2013-03-28,13.67503
2013-04-01,13.250254
2013-04-02,13.277438
2013-04-03,13.345404
2013-04-04,13.21349
2013-04-05,13.073858
2013-04-08,13.166842
2013-04-09,13.190629
2013-04-10,13.459707
2013-04-11,13.417694
2013-04-12,13.277747
2013-04-15,12.970363
2013-04-16,13.167768
2013-04-17,12.443639
2013-04-18,12.111545
2013-04-19,12.064584
2013-04-22,12.316051
2013-04-23,12.546515
2013-04-24,12.525817
2013-04-25,12.616022
2013-04-26,12.8885
2013-04-29,13.287637
2013-04-30,13.678736
2013-05-01,13.570922
2013-05-02,13.763385
2013-05-03,13.901165
2013-05-06,14.232648
2013-05-07,14.169316
2013-05-08,14.329341
2013-05-09,14.204325
2013-05-10,14.086158
2013-05-13,14.141204
2013-05-14,13.802863
2013-05-15,13.336091
2013-05-16,13.514278
2013-05-17,13.47323
2013-05-20,13.773944
2013-05-21,13.672256
2013-05-22,13.724808
2013-05-23,13.749374
2013-05-24,13.842978
2013-05-28,13.727608
2013-05-29,13.83676
2013-05-30,14.042934
2013-05-31,13.985403
2013-06-03,14.016192
2013-06-04,13.972345
2013-06-05,13.841736
2013-06-06,13.634936
2013-06-07,13.73911
2013-06-10,13.648309
2013-06-11,13.608192
2013-06-12,13.439959
2013-06-13,13.557193
2013-06-14,13.373407
2013-06-17,13.434048
2013-06-18,13.426897
2013-06-19,13.154173
2013-06-20,12.962614
2013-06-21,12.858746
2013-06-24,12.517921
2013-06-25,12.520721
2013-06-26,12.378914
2013-06-27,12.245509
2013-06-28,12.331026
2013-07-01,12.725651
2013-07-02,13.013924
2013-07-03,13.085759
2013-07-05,12.980652
2013-07-08,12.906948
2013-07-09,13.133958
2013-07-10,13.083578
2013-07-11,13.287582
2013-07-12,13.263325
2013-07-15,13.292243
2013-07-16,13.378073
2013-07-17,13.381494
2013-07-18,13.426588
2013-07-19,13.214812
2013-07-22,13.257107
2013-07-23,13.02947
2013-07-24,13.698689
2013-07-25,13.636184
2013-07-26,13.713613
2013-07-29,13.925078
2013-07-30,14.097044
2013-07-31,14.072476
2013-08-01,14.201532
2013-08-02,14.38376
2013-08-05,14.598642
2013-08-06,14.468039
2013-08-07,14.459634
2013-08-08,14.430839
2013-08-09,14.225496
2013-08-12,14.629616
2013-08-13,15.324843
2013-08-14,15.604373
2013-08-15,15.585909
2013-08-16,15.724264
2013-08-19,15.893615
2013-08-20,15.684824
2013-08-21,15.725204
2013-08-22,15.743986
2013-08-23,15.683255
2013-08-26,15.744304
2013-08-27,15.294167
2013-08-28,15.366474
2013-08-29,15.391517
2013-08-30,15.251282
2013-09-03,15.293859
2013-09-04,15.610323
2013-09-05,15.50327
2013-09-06,15.595613
2013-09-09,15.844465
2013-09-10,15.483548
2013-09-11,14.640568
2013-09-12,14.796453
2013-09-13,14.552608
2013-09-16,14.089953
2013-09-17,14.25273
2013-09-18,14.545721
2013-09-19,14.784245
2013-09-20,14.631176
2013-09-23,15.35834
2013-09-24,15.310127
2013-09-25,15.073174
2013-09-26,15.219981
2013-09-27,15.111363
2013-09-30,14.923545
2013-10-01,15.274444
2013-10-02,15.324533
2013-10-03,15.132022
2013-10-04,15.120127
2013-10-07,15.267874
2013-10-08,15.054705
2013-10-09,15.231561
2013-10-10,15.32703
2013-10-11,15.426262
2013-10-14,15.527374
2013-10-15,15.610015
2013-10-16,15.686077
2013-10-17,15.79219
2013-10-18,15.929611
2013-10-21,16.319956
2013-10-22,16.273312
2013-10-23,16.432646
2013-10-24,16.6502
2013-10-25,16.463951
2013-10-28,16.586655
2013-10-29,16.17346
2013-10-30,16.430765
2013-10-31,16.361906
2013-11-01,16.27832
2013-11-04,16.488678
2013-11-05,16.447987
2013-11-06,16.401386
2013-11-07,16.135962
2013-11-08,16.390057
2013-11-11,16.342514
2013-11-12,16.37274
2013-11-13,16.392252
2013-11-14,16.629337
2013-11-15,16.529535
2013-11-18,16.329285
2013-11-19,16.358248
2013-11-20,16.214991
2013-11-21,16.408312
2013-11-22,16.366119
2013-11-25,16.490173
2013-11-26,16.794321
2013-11-27,17.189783
2013-11-29,17.508102
2013-12-02,17.355709
2013-12-03,17.830828
2013-12-04,17.789263
2013-12-05,17.880573
2013-12-06,17.63246
2013-12-09,17.834295
2013-12-10,17.80658
2013-12-11,17.67466
2013-12-12,17.648836
2013-12-13,17.456463
2013-12-16,17.55312
2013-12-17,17.474098
2013-12-18,17.341228
2013-12-19,17.142553
2013-12-20,17.286119
2013-12-23,17.949526
2013-12-24,17.873331
2013-12-26,17.754635
2013-12-27,17.634666
2013-12-30,17.459297
2013-12-31,17.663952
2014-01-02,17.415535
2014-01-03,17.032986
2014-01-06,17.125866
2014-01-07,17.003393
2014-01-08,17.111067
2014-01-09,16.892557
2014-01-10,16.779839
2014-01-13,16.867685
2014-01-14,17.20332
2014-01-15,17.548717
2014-01-16,17.450796
2014-01-17,17.023224
2014-01-21,17.287701
2014-01-22,17.364523
2014-01-23,17.511564
2014-01-24,17.193243
2014-01-27,17.332727
2014-01-28,15.947357
2014-01-29,15.766333
2014-01-30,15.73578
2014-01-31,15.761602
2014-02-03,15.79088
2014-02-04,16.019466
2014-02-05,16.139114
2014-02-06,16.233185
2014-02-07,16.460287
2014-02-10,16.755171
2014-02-11,16.975941
2014-02-12,16.974672
2014-02-13,17.244211
2014-02-14,17.230276
2014-02-18,17.293625
2014-02-19,17.020601
2014-02-20,16.823589
2014-02-21,16.636707
2014-02-24,16.709553
2014-02-25,16.535667
2014-02-26,16.386488
2014-02-27,16.713364
2014-02-28,16.668066
2014-03-03,16.716213
2014-03-04,16.826435
2014-03-05,16.861912
2014-03-06,16.810917
2014-03-07,16.801094
2014-03-10,16.816305
2014-03-11,16.980061
2014-03-12,16.996521
2014-03-13,16.807749
2014-03-14,16.618975
2014-03-17,16.683901
2014-03-18,16.831509
2014-03-19,16.827072
2014-03-20,16.745985
2014-03-21,16.878063
2014-03-24,17.078243
2014-03-25,17.261953
2014-03-26,17.096928
2014-03-27,17.023443
2014-03-28,17.004446
2014-03-31,17.000643
2014-04-01,17.156164
2014-04-02,17.184669
2014-04-03,17.065577
2014-04-04,16.844807
2014-04-07,16.580328
2014-04-08,16.579378
2014-04-09,16.7973
2014-04-10,16.580647
2014-04-11,16.458069
2014-04-14,16.523634
2014-04-15,16.405804
2014-04-16,16.43907
2014-04-17,16.626894
2014-04-21,16.824219
2014-04-22,16.841003
2014-04-23,16.620876
2014-04-24,17.983488
2014-04-25,18.115562
2014-04-28,18.817144
2014-04-29,18.761396
2014-04-30,18.690445
2014-05-01,18.734478
2014-05-02,18.769314
2014-05-05,19.034739
2014-05-06,18.827274
2014-05-07,18.761396
2014-05-08,18.727951
2014-05-09,18.649916
2014-05-12,18.882114
2014-05-13,18.91173
2014-05-14,18.915234
2014-05-15,18.754385
2014-05-16,19.031174
2014-05-19,19.25667
2014-05-20,19.260496
2014-05-21,19.311453
2014-05-22,19.34203
2014-05-23,19.560532
2014-05-27,19.926817
2014-05-28,19.875223
2014-05-29,20.237362
2014-05-30,20.161558
2014-06-02,20.023006
2014-06-03,20.306158
2014-06-04,20.538031
2014-06-05,20.618614
2014-06-06,20.56192
2014-06-09,20.890934
2014-06-10,21.013559
2014-06-11,20.926611
2014-06-12,20.576569
2014-06-13,20.351389
2014-06-16,20.556503
2014-06-17,20.529753
2014-06-18,20.552053
2014-06-19,20.480703
2014-06-20,20.268898
2014-06-23,20.25106
2014-06-24,20.128428
2014-06-25,20.146269
2014-06-26,20.266666
2014-06-27,20.507454
2014-06-30,20.719269
2014-07-01,20.8508
2014-07-02,20.841888
2014-07-03,20.964512
2014-07-07,21.397043
2014-07-08,21.258812
2014-07-09,21.267735
2014-07-10,21.189701
2014-07-11,21.229836
2014-07-14,21.504066
2014-07-15,21.252125
2014-07-16,21.131727
2014-07-17,20.75493
2014-07-18,21.053701
2014-07-21,20.944447
2014-07-22,21.118355
2014-07-23,21.669054
2014-07-24,21.633383
2014-07-25,21.776075
2014-07-28,22.077059
2014-07-29,21.934374
2014-07-30,21.883093
2014-07-31,21.31455
2014-08-01,21.432714
2014-08-04,21.312321
2014-08-05,21.207531
2014-08-06,21.17186
2014-08-07,21.169617
2014-08-08,21.227875
2014-08-11,21.507961
2014-08-12,21.503473
2014-08-13,21.788038
2014-08-14,21.846296
2014-08-15,21.953848
2014-08-18,22.218245
2014-08-19,22.525215
2014-08-20,22.53418
2014-08-21,22.536421
2014-08-22,22.702219
2014-08-25,22.751516
2014-08-26,22.605875
2014-08-27,22.883717
2014-08-28,22.910604
2014-08-29,22.966623
2014-09-02,23.145868
2014-09-03,22.168955
2014-09-04,21.985216
2014-09-05,22.175669
2014-09-08,22.038994
2014-09-09,21.956093
2014-09-10,22.63052
2014-09-11,22.726871
2014-09-12,22.778404
2014-09-15,22.771685
2014-09-16,22.599154
2014-09-17,22.760471
2014-09-18,22.807528
2014-09-19,22.621563
2014-09-22,22.643961
2014-09-23,22.997988
2014-09-24,22.798567
2014-09-25,21.929201
2014-09-26,22.574505
2014-09-29,22.431105
2014-09-30,22.574505
2014-10-01,22.222727
2014-10-02,22.384054
2014-10-03,22.321312
2014-10-06,22.321312
2014-10-07,22.126379
2014-10-08,22.585709
2014-10-09,22.635004
2014-10-10,22.570026
2014-10-13,22.363888
2014-10-14,22.126379
2014-10-15,21.855265
2014-10-16,21.56846
2014-10-17,21.88439
2014-10-20,22.352682
2014-10-21,22.959892
2014-10-22,23.07641
2014-10-23,23.488686
2014-10-24,23.576077
2014-10-27,23.551424
2014-10-28,23.916651
2014-10-29,24.051094
2014-10-30,23.970425
2014-10-31,24.198978
2014-11-03,24.512667
2014-11-04,24.333422
2014-11-05,24.39167
2014-11-06,24.461428
2014-11-07,24.531195
2014-11-10,24.490688
2014-11-11,24.686464
2014-11-12,25.035275
2014-11-13,25.38858
2014-11-14,25.694628
2014-11-17,25.651875
2014-11-18,25.984922
2014-11-19,25.804899
2014-11-20,26.173958
2014-11-21,26.209967
2014-11-24,26.696043
2014-11-25,26.464258
2014-11-26,26.779305
2014-11-28,26.763556
2014-12-01,25.894911
2014-12-02,25.795897
2014-12-03,26.088442
2014-12-04,25.989429
2014-12-05,25.879162
2014-12-08,25.294067
2014-12-09,25.681131
2014-12-10,25.192802
2014-12-11,25.118536
2014-12-12,24.693216
2014-12-15,24.355663
2014-12-16,24.022612
2014-12-17,24.621206
2014-12-18,25.350327
2014-12-19,25.154545
2014-12-22,25.415588
2014-12-23,25.325573
2014-12-24,25.206297
2014-12-26,25.651875
2014-12-29,25.633867
2014-12-30,25.321068
2014-12-31,24.839493
2015-01-02,24.603205
2015-01-05,23.910097
2015-01-06,23.912348
2015-01-07,24.247646
2015-01-08,25.1793
2015-01-09,25.206297
2015-01-12,24.585199
2015-01-13,24.80349
2015-01-14,24.708973
2015-01-15,24.038364
2015-01-16,23.851583
2015-01-20,24.465931
2015-01-21,24.65271
2015-01-22,25.294067
2015-01-23,25.424591
2015-01-26,25.45159
2015-01-27,24.56045
2015-01-28,25.948917
2015-01-29,26.7568
2015-01-30,26.365242
2015-02-02,26.696043
2015-02-03,26.700546
2015-02-04,26.905327
2015-02-05,27.097359
2015-02-06,26.869181
2015-02-09,27.047659
2015-02-10,27.567284
2015-02-11,28.213423
2015-02-12,28.570389
2015-02-13,28.710461
2015-02-17,28.879902
2015-02-18,29.080976
2015-02-19,29.019976
2015-02-20,29.257195
2015-02-23,30.047928
2015-02-24,29.860413
2015-02-25,29.096788
2015-02-26,29.465052
2015-02-27,29.022238
2015-03-02,29.164562
2015-03-03,29.225573
2015-03-04,29.040304
2015-03-05,28.559092
2015-03-06,28.602013
2015-03-09,28.72402
2015-03-10,28.129833
2015-03-11,27.616987
2015-03-12,28.116278
2015-03-13,27.921988
2015-03-16,28.22924
2015-03-17,28.701424
2015-03-18,29.024496
2015-03-19,28.805349
2015-03-20,28.443874
2015-03-23,28.739828
2015-03-24,28.622351
2015-03-25,27.874538
2015-03-26,28.068832
2015-03-27,27.845165
2015-03-30,28.550056
2015-03-31,28.111765
2015-04-01,28.071087
2015-04-02,28.312832
2015-04-06,28.771461
2015-04-07,28.468725
2015-04-08,28.376091
2015-04-09,28.592974
2015-04-10,28.714973
2015-04-13,28.658499
2015-04-14,28.534237
2015-04-15,28.642683
2015-04-16,28.504866
2015-04-17,28.184055
2015-04-20,28.82794
2015-04-21,28.672054
2015-04-22,29.058386
2015-04-23,29.295601
2015-04-24,29.433414
2015-04-27,29.968864
2015-04-28,29.49667
2015-04-29,29.062901
2015-04-30,28.274427
2015-05-01,29.13294
2015-05-04,29.076462
2015-05-05,28.421276
2015-05-06,28.242796
2015-05-07,28.417482
2015-05-08,28.952896
2015-05-11,28.657965
2015-05-12,28.555874
2015-05-13,28.587641
2015-05-14,29.254631
2015-05-15,29.213789
2015-05-18,29.535946
2015-05-19,29.50873
2015-05-20,29.506456
2015-05-21,29.808187
2015-05-22,30.069078
2015-05-26,29.406628
2015-05-27,29.955647
2015-05-28,29.896664
2015-05-29,29.556362
2015-06-01,29.615341
2015-06-02,29.483761
2015-06-03,29.520063
2015-06-04,29.347643
2015-06-05,29.186563
2015-06-08,28.993729
2015-06-09,28.907524
2015-06-10,29.238747
2015-06-11,29.172953
2015-06-12,28.850811
2015-06-15,28.794092
2015-06-16,28.948357
2015-06-17,28.880295
2015-06-18,29.011883
2015-06-19,28.721489
2015-06-22,28.950624
2015-06-23,28.819042
2015-06-24,29.064058
2015-06-25,28.925669
2015-06-26,28.755518
2015-06-29,28.251869
2015-06-30,28.456057
2015-07-01,28.721489
2015-07-02,28.685192
2015-07-06,28.585365
2015-07-07,28.515036
2015-07-08,27.807211
2015-07-09,27.240044
2015-07-10,27.96829
2015-07-13,28.508238
2015-07-14,28.496893
2015-07-15,28.7714
2015-07-16,29.154806
2015-07-17,29.406628
2015-07-20,29.96246
2015-07-21,29.662991
2015-07-22,28.408411
2015-07-23,28.3948
2015-07-24,28.245066
2015-07-27,27.852589
2015-07-28,27.990973
2015-07-29,27.9025
2015-07-30,27.761839
2015-07-31,27.519091
2015-08-03,26.870243
2015-08-04,26.00815
2015-08-05,26.180569
2015-08-06,26.237543
2015-08-07,26.32642
2015-08-10,27.283579
2015-08-11,25.863789
2015-08-12,26.262604
2015-08-13,26.242104
2015-08-14,26.426693
2015-08-17,26.700165
2015-08-18,26.549757
2015-08-19,26.210196
2015-08-20,25.672361
2015-08-21,24.102169
2015-08-24,23.500523
2015-08-25,23.641819
2015-08-26,24.997791
2015-08-27,25.733887
2015-08-28,25.818214
2015-08-31,25.697428
2015-09-01,24.54884
2015-09-02,25.601713
2015-09-03,25.152761
2015-09-04,24.902075
2015-09-08,25.594875
2015-09-09,25.102625
2015-09-10,25.654129
2015-09-11,26.027878
2015-09-14,26.278559
2015-09-15,26.499622
2015-09-16,26.529245
2015-09-17,25.961788
2015-09-18,25.854681
2015-09-21,26.255768
2015-09-22,25.843287
2015-09-23,26.052946
2015-09-24,26.207912
2015-09-25,26.141823
2015-09-28,25.624502
2015-09-29,24.854221
2015-09-30,25.136805
2015-10-01,24.972721
2015-10-02,25.155039
2015-10-05,25.246199
2015-10-06,25.366982
2015-10-07,25.246199
2015-10-08,24.954496
2015-10-09,25.551573
2015-10-12,25.433073
2015-10-13,25.476372
2015-10-14,25.116299
2015-10-15,25.492323
2015-10-16,25.305445
2015-10-19,25.462704
2015-10-20,25.92761
2015-10-21,25.925327
2015-10-22,26.321863
2015-10-23,27.13773
2015-10-26,26.271723
2015-10-27,26.105356
2015-10-28,27.181019
2015-10-29,27.468176
2015-10-30,27.23344
2015-11-02,27.616306
2015-11-03,27.933077
2015-11-04,27.803181
2015-11-05,27.675007
2015-11-06,27.707054
2015-11-09,27.594902
2015-11-10,26.725199
2015-11-11,26.574144
2015-11-12,26.484879
2015-11-13,25.7113
2015-11-16,26.13242
2015-11-17,26.020275
2015-11-18,26.84421
2015-11-19,27.185228
2015-11-20,27.304243
2015-11-23,26.949488
2015-11-24,27.208117
2015-11-25,27.013584
2015-11-27,26.963223
2015-11-30,27.075367
2015-12-01,26.855658
2015-12-02,26.613052
2015-12-03,26.365871
2015-12-04,27.242449
2015-12-07,27.070789
2015-12-08,27.059351
2015-12-09,26.461996
2015-12-10,26.587875
2015-12-11,25.903549
2015-12-14,25.743347
2015-12-15,25.287891
2015-12-16,25.48243
2015-12-17,24.942301
2015-12-18,24.26713
2015-12-21,24.564661
2015-12-22,24.541779
2015-12-23,24.857616
2015-12-24,24.724871
2015-12-28,24.447937
2015-12-29,24.887373
2015-12-30,24.562374
2015-12-31,24.090897
2016-01-04,24.111498
2016-01-05,23.507284
2016-01-06,23.047247
2016-01-07,22.074554
2016-01-08,22.191277
2016-01-11,22.550602
2016-01-12,22.877892
2016-01-13,22.28969
2016-01-14,22.777184
2016-01-15,22.230181
2016-01-19,22.122612
2016-01-20,22.152369
2016-01-21,22.040226
2016-01-22,23.212038
2016-01-25,22.758877
2016-01-26,22.88475
2016-01-27,21.381075
2016-01-28,21.534414
2016-01-29,22.278248
2016-02-01,22.069979
2016-02-02,21.623676
2016-02-03,22.051662
2016-02-04,22.228848
2016-02-05,21.635162
2016-02-08,21.862976
2016-02-09,21.858368
2016-02-10,21.69269
2016-02-11,21.561523
2016-02-12,21.628256
2016-02-16,22.238058
2016-02-17,22.578619
2016-02-18,22.150618
2016-02-19,22.099989
2016-02-22,22.293282
2016-02-23,21.789337
2016-02-24,22.113792
2016-02-25,22.265665
2016-02-26,22.300186
2016-02-29,22.249559
2016-03-01,23.133196
2016-03-02,23.183813
2016-03-03,23.356398
2016-03-04,23.703869
2016-03-07,23.441547
2016-03-08,23.248245
2016-03-09,23.268959
2016-03-10,23.280466
2016-03-11,23.531288
2016-03-14,23.591112
2016-03-15,24.065145
2016-03-16,24.385006
2016-03-17,24.345888
2016-03-18,24.373497
2016-03-21,24.371197
2016-03-22,24.557583
2016-03-23,24.421818
2016-03-24,24.315969
2016-03-28,24.205517
2016-03-29,24.7785
2016-03-30,25.211105
2016-03-31,25.079941
2016-04-01,25.310053
2016-04-04,25.570078
2016-04-05,25.268635
2016-04-06,25.533262
2016-04-07,24.976389
2016-04-08,25.004007
2016-04-11,25.086847
2016-04-12,25.413603
2016-04-13,25.781782
2016-04-14,25.795588
2016-04-15,25.277842
2016-04-18,24.732475
2016-04-19,24.601307
2016-04-20,24.651934
2016-04-21,24.385006
2016-04-22,24.31827
2016-04-25,24.180206
2016-04-26,24.01222
2016-04-27,22.509588
2016-04-28,21.821548
2016-04-29,21.570728
2016-05-02,21.54772
2016-05-03,21.902094
2016-05-04,21.674284
2016-05-05,21.586304
2016-05-06,21.465914
2016-05-09,21.482124
2016-05-10,21.627977
2016-05-11,21.417301
2016-05-12,20.914915
2016-05-13,20.956583
2016-05-16,21.734474
2016-05-17,21.64418
2016-05-18,21.891903
2016-05-19,21.808561
2016-05-20,22.044704
2016-05-23,22.324837
2016-05-24,22.665155
2016-05-25,23.063358
2016-05-26,23.24626
2016-05-27,23.232363
2016-05-31,23.118921
2016-06-01,22.794807
2016-06-02,22.623487
2016-06-03,22.669783
2016-06-06,22.834164
2016-06-07,22.926764
2016-06-08,22.905933
2016-06-09,23.070309
2016-06-10,22.88047
2016-06-13,22.535509
2016-06-14,22.56329
2016-06-15,22.489204
2016-06-16,22.584126
2016-06-17,22.070166
2016-06-20,22.016918
2016-06-21,22.204449
2016-06-22,22.121103
2016-06-23,22.248432
2016-06-24,21.62335
2016-06-27,21.308487
2016-06-28,21.667334
2016-06-29,21.854862
2016-06-30,22.132675
2016-07-01,22.199814
2016-07-05,21.991451
2016-07-06,22.116467
2016-07-07,22.211391
2016-07-08,22.382713
2016-07-11,22.452166
2016-07-12,22.554028
2016-07-13,22.426697
2016-07-14,22.871208
2016-07-15,22.868891
2016-07-18,23.11198
2016-07-19,23.121237
2016-07-20,23.142076
2016-07-21,23.019373
2016-07-22,22.841108
2016-07-25,22.535509
2016-07-26,22.380394
2016-07-27,23.834297
2016-07-28,24.156099
2016-07-29,24.126005
2016-08-01,24.551992
2016-08-02,24.188517
2016-08-03,24.491795
2016-08-04,24.643093
2016-08-05,25.017855
2016-08-08,25.225018
2016-08-09,25.327433
2016-08-10,25.138893
2016-08-11,25.122593
2016-08-12,25.18079
2016-08-15,25.483391
2016-08-16,25.460112
2016-08-17,25.422869
2016-08-18,25.39028
2016-08-19,25.455454
2016-08-22,25.257601
2016-08-23,25.336748
2016-08-24,25.145876
2016-08-25,25.038797
2016-08-26,24.892159
2016-08-29,24.864227
2016-08-30,24.673359
2016-08-31,24.696636
2016-09-01,24.843277
2016-09-02,25.076044
2016-09-06,25.069061
2016-09-07,25.222691
2016-09-08,24.561628
2016-09-09,24.005312
2016-09-12,24.543009
2016-09-13,25.127253
2016-09-14,26.016426
2016-09-15,26.900938
2016-09-16,26.74964
2016-09-19,26.437731
2016-09-20,26.435408
2016-09-21,26.430754
2016-09-22,26.679815
2016-09-23,26.235228
2016-09-26,26.274792
2016-09-27,26.323677
2016-09-28,26.523855
2016-09-29,26.111864
2016-09-30,26.314369
2016-10-03,26.190996
2016-10-04,26.302732
2016-10-05,26.314369
2016-10-06,26.509888
2016-10-07,26.549459
2016-10-10,27.012671
2016-10-11,27.070862
2016-10-12,27.312939
2016-10-13,27.229147
2016-10-14,27.380442
2016-10-17,27.361818
2016-10-18,27.343199
2016-10-19,27.261734
2016-10-20,27.247765
2016-10-21,27.140696
2016-10-24,27.385101
2016-10-25,27.524761
2016-10-26,26.905596
2016-10-27,26.647223
2016-10-28,26.47032
2016-10-31,26.428419
2016-11-01,25.95125
2016-11-02,25.974529
2016-11-03,25.696114
2016-11-04,25.464483
2016-11-07,25.831808
2016-11-08,25.983885
2016-11-09,25.941776
2016-11-10,25.218828
2016-11-11,25.36857
2016-11-14,24.732182
2016-11-15,25.059736
2016-11-16,25.733543
2016-11-17,25.724184
2016-11-18,25.74992
2016-11-21,26.140642
2016-11-22,26.157015
2016-11-23,26.023659
2016-11-25,26.154678
2016-11-28,26.103205
2016-11-29,26.077471
2016-11-30,25.857544
2016-12-01,25.616562
2016-12-02,25.712488
2016-12-05,25.52766
2016-12-06,25.724184
2016-12-07,25.976866
2016-12-08,26.23188
2016-12-09,26.660038
2016-12-12,26.507957
2016-12-13,26.95015
2016-12-14,26.95015
2016-12-15,27.097544
2016-12-16,27.132641
2016-12-19,27.289394
2016-12-20,27.361923
2016-12-21,27.387659
2016-12-22,27.20751
2016-12-23,27.26132
2016-12-27,27.434452
2016-12-28,27.317471
2016-12-29,27.31045
2016-12-30,27.097544
2017-01-03,27.174755
2017-01-04,27.144333
2017-01-05,27.282381
2017-01-06,27.586531
2017-01-09,27.839205
2017-01-10,27.867287
2017-01-11,28.017021
2017-01-12,27.900038
2017-01-13,27.85091
2017-01-17,28.075512
2017-01-18,28.073174
2017-01-19,28.024038
2017-01-20,28.075512
2017-01-23,28.094234
2017-01-24,28.068493
2017-01-25,28.515358
2017-01-26,28.5294
2017-01-27,28.531742
2017-01-30,28.456865
2017-01-31,28.391361
2017-02-01,30.122683
2017-02-02,30.071211
2017-02-03,30.199892
2017-02-06,30.482983
2017-02-07,30.773098
2017-02-08,30.892416
2017-02-09,31.11565
2017-02-10,31.045153
2017-02-13,31.320078
2017-02-14,31.726585
2017-02-15,31.841732
2017-02-16,31.804132
2017-02-17,31.891071
2017-02-21,32.121349
2017-02-22,32.21769
2017-02-23,32.081417
2017-02-24,32.111954
2017-02-27,32.175392
2017-02-28,32.189491
2017-03-01,32.847424
2017-03-02,32.652401
2017-03-03,32.845074
2017-03-06,32.741684
2017-03-07,32.783989
2017-03-08,32.661793
2017-03-09,32.586605
2017-03-10,32.694691
2017-03-13,32.708794
2017-03-14,32.659447
2017-03-15,33.004864
2017-03-16,33.058907
2017-03-17,32.894417
2017-03-20,33.239838
2017-03-21,32.859165
2017-03-22,33.230434
2017-03-23,33.112946
2017-03-24,33.047157
2017-03-27,33.103554
2017-03-28,33.789684
2017-03-29,33.864887
2017-03-30,33.820229
2017-03-31,33.75679
2017-04-03,33.76619
2017-04-04,34.017624
2017-04-05,33.841381
2017-04-06,33.75679
2017-04-07,33.681591
2017-04-10,33.641644
2017-04-11,33.279778
2017-04-12,33.319721
2017-04-13,33.143497
2017-04-17,33.326778
2017-04-18,33.178745
2017-04-19,33.056564
2017-04-20,33.470116
2017-04-21,33.430172
2017-04-24,33.75209
2017-04-25,33.961224
2017-04-26,33.761482
2017-04-27,33.787342
2017-04-28,33.754436
2017-05-01,34.442913
2017-05-02,34.661449
2017-05-03,34.555706
2017-05-04,34.431175
2017-05-05,35.002171
2017-05-08,35.953827
2017-05-09,36.184093
2017-05-10,36.012562
2017-05-11,36.324017
2017-05-12,36.831303
2017-05-15,36.736919
2017-05-16,36.682659
2017-05-17,35.451008
2017-05-18,35.991337
2017-05-19,36.114025
2017-05-22,36.33345
2017-05-23,36.288631
2017-05-24,36.180084
2017-05-25,36.305141
2017-05-26,36.243801
2017-05-30,36.257946
2017-05-31,36.043243
2017-06-01,36.142334
2017-06-02,36.677929
2017-06-05,36.31929
2017-06-06,36.441994
2017-06-07,36.65905
2017-06-08,36.569405
2017-06-09,35.15136
2017-06-12,34.311386
2017-06-13,34.58744
2017-06-14,34.250042
2017-06-15,34.044762
2017-06-16,33.568157
2017-06-19,34.528458
2017-06-20,34.214649
2017-06-21,34.417568
2017-06-22,34.360939
2017-06-23,34.514305
2017-06-26,34.405769
2017-06-27,33.912647
2017-06-28,34.408127
2017-06-29,33.900833
2017-06-30,33.981075
2017-07-03,33.858376
2017-07-05,33.997593
2017-07-06,33.676689
2017-07-07,34.01881
2017-07-10,34.226448
2017-07-11,34.337345
2017-07-12,34.386898
2017-07-13,34.865868
2017-07-14,35.165512
2017-07-17,35.288208
2017-07-18,35.410904
2017-07-19,35.63269
2017-07-20,35.472252
2017-07-21,35.455727
2017-07-24,35.885143
2017-07-25,36.038525
2017-07-26,36.208408
2017-07-27,35.524151
2017-07-28,35.274052
2017-07-31,35.092369
2017-08-01,35.403824
2017-08-02,37.076687
2017-08-03,36.706257
2017-08-04,36.899719
2017-08-07,37.470722
2017-08-08,37.77037
2017-08-09,38.001595
2017-08-10,36.791183
2017-08-11,37.302818
2017-08-14,37.86422
2017-08-15,38.278748
2017-08-16,38.124771
2017-08-17,37.392834
2017-08-18,37.307564
2017-08-21,37.238873
2017-08-22,37.84763
2017-08-23,37.895
2017-08-24,37.726822
2017-08-25,37.866581
2017-08-28,38.247944
2017-08-29,38.589054
2017-08-30,38.693275
2017-08-31,38.847233
2017-09-01,38.859081
2017-09-05,38.392437
2017-09-06,38.352177
2017-09-07,38.198208
2017-09-08,37.575233
2017-09-11,38.255051
2017-09-12,38.103451
2017-09-13,37.816837
2017-09-14,37.492321
2017-09-15,37.871319
2017-09-18,37.584705
2017-09-19,37.598911
2017-09-20,36.968834
2017-09-21,36.334011
2017-09-22,35.978703
2017-09-25,35.661293
2017-09-26,36.274784
2017-09-27,36.532982
2017-09-28,36.307953
2017-09-29,36.506935
2017-10-02,36.433491
2017-10-03,36.592209
2017-10-04,36.355335
2017-10-05,36.807755
2017-10-06,36.78643
2017-10-09,36.914349
2017-10-10,36.928558
2017-10-11,37.082527
2017-10-12,36.952255
2017-10-13,37.186752
2017-10-16,37.871319
2017-10-17,38.011078
2017-10-18,37.842892
2017-10-19,36.947514
2017-10-20,37.011471
2017-10-23,36.992519
2017-10-24,37.212811
2017-10-25,37.049362
2017-10-26,37.286243
2017-10-27,38.622208
2017-10-30,39.491528
2017-10-31,40.041088
2017-11-01,39.531811
2017-11-02,39.820789
2017-11-03,40.860661
2017-11-06,41.275185
2017-11-07,41.407841
2017-11-08,41.746567
2017-11-09,41.661293
2017-11-10,41.523415
2017-11-13,41.357006
2017-11-14,40.731785
2017-11-15,40.194534
2017-11-16,40.674736
2017-11-17,40.448891
2017-11-20,40.408474
2017-11-21,41.159698
2017-11-22,41.59235
2017-11-24,41.594719
2017-11-27,41.385532
2017-11-28,41.143051
2017-11-29,40.289612
2017-11-30,40.853035
2017-12-01,40.662853
2017-12-04,40.365692
2017-12-05,40.327652
2017-12-06,40.177887
2017-12-07,40.251595
2017-12-08,40.263466
2017-12-11,41.047977
2017-12-12,40.817368
2017-12-13,40.952885
2017-12-14,40.940983
2017-12-15,41.357006
2017-12-18,41.939434
2017-12-19,41.4925
2017-12-20,41.447346
2017-12-21,41.60424
2017-12-22,41.60424
2017-12-26,40.54874
2017-12-27,40.555874
2017-12-28,40.669983
2017-12-29,40.230186
2018-01-02,40.9505
2018-01-03,40.943359
2018-01-04,41.133545
2018-01-05,41.601871
2018-01-08,41.447346
2018-01-09,41.442589
2018-01-10,41.433083
2018-01-11,41.668419
2018-01-12,42.098698
2018-01-16,41.884758
2018-01-17,42.576538
2018-01-18,42.614574
2018-01-19,42.424389
2018-01-22,42.077316
2018-01-23,42.086815
2018-01-24,41.416435
2018-01-25,40.677116
2018-01-26,40.772194
2018-01-29,39.92828
2018-01-30,39.692944
2018-01-31,39.802284
2018-02-01,39.885483
2018-02-02,38.154858
2018-02-05,37.201572
2018-02-06,38.756298
2018-02-07,37.926628
2018-02-08,36.883015
2018-02-09,37.334148
2018-02-12,38.837925
2018-02-13,39.227001
2018-02-14,39.950245
2018-02-15,41.291702
2018-02-16,41.158028
2018-02-20,41.019596
2018-02-21,40.833424
2018-02-22,41.17474
2018-02-23,41.890827
2018-02-26,42.719097
2018-02-27,42.58065
2018-02-28,42.516193
2018-03-01,41.771484
2018-03-02,42.060299
2018-03-05,42.20591
2018-03-06,42.170097
2018-03-07,41.778637
2018-03-08,42.23455
2018-03-09,42.960171
2018-03-12,43.375504
2018-03-13,42.95779
2018-03-14,42.592594
2018-03-15,42.642704
2018-03-16,42.492344
2018-03-19,41.84309
2018-03-20,41.828758
2018-03-21,40.881145
2018-03-22,40.303509
2018-03-23,39.370213
2018-03-26,41.239189
2018-03-27,40.181782
2018-03-28,39.737804
2018-03-29,40.048103
2018-04-02,39.785545
2018-04-03,40.193703
2018-04-04,40.962307
2018-04-05,41.246353
2018-04-06,40.191326
2018-04-09,40.589943
2018-04-10,41.353764
2018-04-11,41.160419
2018-04-12,41.5662
2018-04-13,41.707031
2018-04-16,41.967213
2018-04-17,42.544849
2018-04-18,42.44936
2018-04-19,41.246353
2018-04-20,39.5564
2018-04-23,39.441822
2018-04-24,38.89283
2018-04-25,39.062302
2018-04-26,39.198357
2018-04-27,38.744843
2018-04-30,39.446602
2018-05-01,40.363194
2018-05-02,42.146229
2018-05-03,42.222614
2018-05-04,43.879154
2018-05-07,44.196617
2018-05-08,44.40905
2018-05-09,44.721737
2018-05-10,45.361443
2018-05-11,45.188923
2018-05-14,45.083485
2018-05-15,44.673744
2018-05-16,45.090664
2018-05-17,44.805542
2018-05-18,44.64259
2018-05-21,44.958889
2018-05-22,44.846272
2018-05-23,45.133801
2018-05-24,45.083485
2018-05-25,45.186523
2018-05-29,45.023579
2018-05-30,44.927742
2018-05-31,44.776779
2018-06-01,45.584278
2018-06-04,45.965263
2018-06-05,46.319897
2018-06-06,46.480438
2018-06-07,46.355839
2018-06-08,45.934116
2018-06-11,45.821503
2018-06-12,46.073093
2018-06-13,45.694504
2018-06-14,45.718464
2018-06-15,45.248817
2018-06-18,45.224869
2018-06-19,44.494038
2018-06-20,44.688126
2018-06-21,44.438915
2018-06-22,44.309525
2018-06-25,43.650589
2018-06-26,44.192123
2018-06-27,44.127426
2018-06-28,44.448502
2018-06-29,44.355049
2018-07-02,44.851059
2018-07-03,44.069904
2018-07-05,44.424549
2018-07-06,45.040348
2018-07-09,45.665749
2018-07-10,45.610645
2018-07-11,45.018791
2018-07-12,45.773579
2018-07-13,45.845459
2018-07-16,45.744823
2018-07-17,45.87421
2018-07-18,45.62262
2018-07-19,45.977249
2018-07-20,45.871819
2018-07-23,45.91254
2018-07-24,46.245621
2018-07-25,46.681713
2018-07-26,46.535553
2018-07-27,45.761593
2018-07-30,45.505196
2018-07-31,45.596252
2018-08-01,48.282337
2018-08-02,49.693665
2018-08-03,49.837444
2018-08-06,50.096222
2018-08-07,49.626572
2018-08-08,49.660122
2018-08-09,50.050694
2018-08-10,49.901623
2018-08-13,50.22382
2018-08-14,50.435432
2018-08-15,50.553246
2018-08-16,51.293854
2018-08-17,52.318184
2018-08-20,51.80843
2018-08-21,51.707428
2018-08-22,51.709839
2018-08-23,51.815636
2018-08-24,51.976746
2018-08-27,52.404747
2018-08-28,52.827953
2018-08-29,53.616642
2018-08-30,54.109573
2018-08-31,54.73476
2018-09-04,54.91029
2018-09-05,54.552017
2018-09-06,53.645508
2018-09-07,53.212685
2018-09-10,52.498531
2018-09-11,53.825844
2018-09-12,53.157375
2018-09-13,54.44141
2018-09-14,53.823437
2018-09-17,52.390327
2018-09-18,52.476887
2018-09-19,52.508144
2018-09-20,52.907307
2018-09-21,52.337429
2018-09-24,53.090042
2018-09-25,53.426682
2018-09-26,53.001083
2018-09-27,54.090336
2018-09-28,54.280293
2018-10-01,54.645786
2018-10-02,55.131516
2018-10-03,55.802372
2018-10-04,54.821323
2018-10-05,53.931641
2018-10-08,53.806602
2018-10-09,54.552017
2018-10-10,52.024834
2018-10-11,51.565563
2018-10-12,53.407448
2018-10-15,52.265289
2018-10-16,53.417068
2018-10-17,53.18623
2018-10-18,51.943085
2018-10-19,52.734173
2018-10-22,53.056385
2018-10-23,53.556526
2018-10-24,51.719452
2018-10-25,52.851997
2018-10-26,52.010403
2018-10-29,51.034172
2018-10-30,51.289043
2018-10-31,52.625973
2018-11-01,53.433895
2018-11-02,49.889595
2018-11-05,48.473316
2018-11-06,48.997509
2018-11-07,50.483513
2018-11-08,50.307377
2018-11-09,49.337368
2018-11-12,46.852051
2018-11-13,46.383938
2018-11-14,45.073711
2018-11-15,46.186069
2018-11-16,46.697617
2018-11-19,44.846897
2018-11-20,42.704193
2018-11-21,42.655937
2018-11-23,41.572525
2018-11-26,42.134743
2018-11-27,42.043056
2018-11-28,43.659725
2018-11-29,43.324326
2018-11-30,43.090267
2018-12-03,44.595951
2018-12-04,42.634228
2018-12-06,42.158878
2018-12-07,40.655613
2018-12-10,40.923458
2018-12-11,40.689404
2018-12-12,40.802807
2018-12-13,41.249199
2018-12-14,39.929321
2018-12-17,39.557724
2018-12-18,40.071686
2018-12-19,38.821777
2018-12-20,37.842129
2018-12-21,36.370239
2018-12-24,35.429195
2018-12-26,37.924164
2018-12-27,37.678043
2018-12-28,37.697353
2018-12-31,38.061707
2019-01-02,38.105141
2019-01-03,34.309586
2019-01-04,35.774242
2019-01-07,35.694607
2019-01-08,36.375057
2019-01-09,36.992771
2019-01-10,37.111012
2019-01-11,36.746643
2019-01-14,36.194099
2019-01-15,36.934868
2019-01-16,37.386082
2019-01-17,37.60807
2019-01-18,37.839706
2019-01-22,36.990368
2019-01-23,37.139965
2019-01-24,36.845585
2019-01-25,38.066528
2019-01-28,37.714241
2019-01-29,37.323341
2019-01-30,39.873821
2019-01-31,40.160965
2019-02-01,40.18026
2019-02-04,41.32159
2019-02-05,42.028572
2019-02-06,42.043056
2019-02-07,41.246788
2019-02-08,41.295254
2019-02-11,41.057762
2019-02-12,41.411564
2019-02-13,41.239513
2019-02-14,41.389763
2019-02-15,41.297672
2019-02-19,41.421253
2019-02-20,41.687828
2019-02-21,41.452755
2019-02-22,41.915615
2019-02-25,42.220951
2019-02-26,42.245182
2019-02-27,42.376034
2019-02-28,41.959232
2019-03-01,42.400265
2019-03-04,42.613525
2019-03-05,42.535969
2019-03-06,42.291229
2019-03-07,41.80172
2019-03-08,41.901073
2019-03-11,43.352627
2019-03-12,43.839703
2019-03-13,44.033569
2019-03-14,44.523071
2019-03-15,45.102238
2019-03-18,45.562668
2019-03-19,45.201595
2019-03-20,45.596584
2019-03-21,47.275917
2019-03-22,46.296913
2019-03-25,45.737133
2019-03-26,45.264595
2019-03-27,45.671711
2019-03-28,45.732288
2019-03-29,46.03035
2019-04-01,46.34296
2019-04-02,47.016636
2019-04-03,47.33894
2019-04-04,47.421318
2019-04-05,47.738766
2019-04-08,48.490002
2019-04-09,48.344597
2019-04-10,48.615993
2019-04-11,48.211315
2019-04-12,48.191929
2019-04-15,48.279167
2019-04-16,48.284016
2019-04-17,49.224243
2019-04-18,49.401154
2019-04-22,49.563507
2019-04-23,50.278385
2019-04-24,50.200836
2019-04-25,49.745258
2019-04-26,49.507774
2019-04-29,49.582897
2019-04-30,48.628113
2019-05-01,51.015064
2019-05-02,50.683075
2019-05-03,51.313122
2019-05-06,50.52071
2019-05-07,49.158825
2019-05-08,49.168507
2019-05-09,48.64024
2019-05-10,47.966396
2019-05-13,45.178623
2019-05-14,45.893818
2019-05-15,46.443577
2019-05-16,46.239246
2019-05-17,45.976524
2019-05-20,44.538841
2019-05-21,45.392693
2019-05-22,44.463432
2019-05-23,43.70446
2019-05-24,43.536598
2019-05-28,43.35659
2019-05-29,43.149811
2019-05-30,43.373615
2019-05-31,42.587879
2019-06-03,42.157303
2019-06-04,43.699589
2019-06-05,44.405045
2019-06-06,45.056992
2019-06-07,46.256271
2019-06-10,46.847401
2019-06-11,47.389862
2019-06-12,47.239044
2019-06-13,47.229313
2019-06-14,46.886314
2019-06-17,47.166073
2019-06-18,48.275341
2019-06-19,48.134247
2019-06-20,48.521038
2019-06-21,48.355625
2019-06-24,48.306973
2019-06-25,47.574741
2019-06-26,48.603752
2019-06-27,48.589153
2019-06-28,48.146416
2019-07-01,49.029465
2019-07-02,49.316502
2019-07-03,49.725189
2019-07-05,49.681393
2019-07-08,48.657269
2019-07-09,48.954048
2019-07-10,49.438133
2019-07-11,49.078102
2019-07-12,49.455166
2019-07-15,49.9198
2019-07-16,49.747074
2019-07-17,49.467335
2019-07-18,50.029263
2019-07-19,49.282452
2019-07-22,50.40876
2019-07-23,50.802837
2019-07-24,50.761478
2019-07-25,50.3601
2019-07-26,50.535252
2019-07-29,51.007175
2019-07-30,50.788242
2019-07-31,51.824535
2019-08-01,50.703094
2019-08-02,49.630322
2019-08-05,47.032276
2019-08-06,47.922607
2019-08-07,48.418869
2019-08-08,49.486782
2019-08-09,49.079002
2019-08-12,48.954468
2019-08-13,51.027603
2019-08-14,49.50877
2019-08-15,49.262138
2019-08-16,50.424469
2019-08-19,51.364578
2019-08-20,51.367023
2019-08-21,51.923771
2019-08-22,51.879818
2019-08-23,49.481907
2019-08-26,50.422024
2019-08-27,49.853077
2019-08-28,50.187603
2019-08-29,51.037369
2019-08-30,50.971436
2019-09-03,50.229118
2019-09-04,51.081329
2019-09-05,52.080048
2019-09-06,52.075157
2019-09-09,52.297371
2019-09-10,52.915165
2019-09-11,54.597603
2019-09-12,54.47551
2019-09-13,53.415752
2019-09-16,53.696556
2019-09-17,53.891914
2019-09-18,54.397377
2019-09-19,53.955402
2019-09-20,53.166676
2019-09-23,53.408413
2019-09-24,53.154465
2019-09-25,53.972488
2019-09-26,53.694115
2019-09-27,53.432842
2019-09-30,54.690407
2019-10-01,54.841797
2019-10-02,53.467026
2019-10-03,53.921211
2019-10-04,55.432728
2019-10-07,55.444931
2019-10-08,54.795399
2019-10-09,55.437611
2019-10-10,56.184818
2019-10-11,57.679241
2019-10-14,57.596218
2019-10-15,57.46191
2019-10-16,57.229931
2019-10-17,57.452145
2019-10-18,57.728077
2019-10-21,58.729237
2019-10-22,58.594936
2019-10-23,59.381214
2019-10-24,59.478893
2019-10-25,60.211452
2019-10-28,60.81459
2019-10-29,59.408073
2019-10-30,59.400745
2019-10-31,60.743771
2019-11-01,62.467728
2019-11-04,62.87796
2019-11-05,62.787621
2019-11-06,62.814476
2019-11-07,63.539436
2019-11-08,63.713329
2019-11-11,64.217865
2019-11-12,64.159073
2019-11-13,64.773827
2019-11-14,64.32563
2019-11-15,65.089783
2019-11-18,65.417969
2019-11-19,65.219574
2019-11-20,64.460335
2019-11-21,64.171341
2019-11-22,64.115005
2019-11-25,65.239174
2019-11-26,64.729736
2019-11-27,65.599205
2019-11-29,65.454697
2019-12-02,64.697899
2019-12-03,63.544334
2019-12-04,64.105194
2019-12-05,65.045692
2019-12-06,66.302124
2019-12-09,65.373886
2019-12-10,65.755959
2019-12-11,66.316826
2019-12-12,66.485809
2019-12-13,67.389565
2019-12-16,68.543129
2019-12-17,68.677841
2019-12-18,68.513748
2019-12-19,68.582329
2019-12-20,68.440269
2019-12-23,69.557106
2019-12-24,69.62323
2019-12-26,71.004578
2019-12-27,70.977631
2019-12-30,71.398911
2019-12-31,71.920578
2020-01-02,73.561539
2020-01-03,72.84639
2020-01-06,73.426819
2020-01-07,73.081505
2020-01-08,74.257118
2020-01-09,75.834389
2020-01-10,76.005821
2020-01-13,77.629654
2020-01-14,76.58139
2020-01-15,76.253197
2020-01-16,77.208382
2020-01-17,78.063164
2020-01-21,77.534134
2020-01-22,77.810905
2020-01-23,78.185623
2020-01-24,77.960297
2020-01-27,75.667839
2020-01-28,77.808434
2020-01-29,79.437141
2020-01-30,79.322029
2020-01-31,75.805008
2020-02-03,75.596809
2020-02-04,78.092545
2020-02-05,78.72934
2020-02-06,79.650223
2020-02-07,78.567566
2020-02-10,78.940735
2020-02-11,78.464455
2020-02-12,80.327812
2020-02-13,79.755791
2020-02-14,79.775436
2020-02-18,78.314697
2020-02-19,79.448921
2020-02-20,78.63385
2020-02-21,76.853966
2020-02-24,73.203384
2020-02-25,70.723824
2020-02-26,71.845772
2020-02-27,67.14933
2020-02-28,67.110054
2020-03-02,73.35804
2020-03-03,71.028252
2020-03-04,74.322876
2020-03-05,71.912056
2020-03-06,70.957054
2020-03-09,65.34491
2020-03-10,70.051163
2020-03-11,67.61824
2020-03-12,60.940624
2020-03-13,68.241806
2020-03-16,59.462711
2020-03-17,62.07729
2020-03-18,60.557648
2020-03-19,60.093647
2020-03-20,56.278572
2020-03-23,55.082973
2020-03-24,60.6092
2020-03-25,60.275326
2020-03-26,63.447197
2020-03-27,60.820332
2020-03-30,62.556019
2020-03-31,62.428352
2020-04-01,59.143559
2020-04-02,60.13047
2020-04-03,59.266312
2020-04-06,64.436554
2020-04-07,63.690231
2020-04-08,65.320366
2020-04-09,65.791718
2020-04-13,67.083046
2020-04-14,70.47097
2020-04-15,69.827751
2020-04-16,70.382591
2020-04-17,69.427589
2020-04-20,67.986488
2020-04-21,65.88501
2020-04-22,67.782738
2020-04-23,67.520042
2020-04-24,69.469337
2020-04-27,69.518433
2020-04-28,68.391571
2020-04-29,70.637917
2020-04-30,72.12809
2020-05-01,70.966873
2020-05-04,71.97097
2020-05-05,73.051163
2020-05-06,73.804871
2020-05-07,74.568367
2020-05-08,76.343231
2020-05-11,77.54451
2020-05-12,76.658302
2020-05-13,75.732712
2020-05-14,76.197975
2020-05-15,75.747513
2020-05-18,77.532204
2020-05-19,77.08419
2020-05-20,78.583328
2020-05-21,77.997437
2020-05-22,78.499619
2020-05-26,77.967918
2020-05-27,78.307617
2020-05-28,78.342094
2020-05-29,78.265778
2020-06-01,79.228279
2020-06-02,79.595062
2020-06-03,80.033226
2020-06-04,79.343971
2020-06-05,81.603767
2020-06-08,82.086243
2020-06-09,84.678368
2020-06-10,86.856918
2020-06-11,82.686882
2020-06-12,83.400764
2020-06-15,84.432205
2020-06-16,86.66983
2020-06-17,86.54921
2020-06-18,86.583702
2020-06-19,86.088905
2020-06-22,88.341301
2020-06-23,90.226936
2020-06-24,88.634254
2020-06-25,89.810913
2020-06-26,87.051414
2020-06-29,89.057655
2020-06-30,89.801071
2020-07-01,89.631218
2020-07-02,89.631218
2020-07-06,92.02887
2020-07-07,91.743317
2020-07-08,93.880035
2020-07-09,94.283737
2020-07-10,94.448669
2020-07-13,94.012947
2020-07-14,95.568718
2020-07-15,96.225983
2020-07-16,95.041931
2020-07-17,94.849922
2020-07-20,96.848778
2020-07-21,95.512093
2020-07-22,95.780418
2020-07-23,91.420845
2020-07-24,91.194366
2020-07-27,93.355682
2020-07-28,91.82209
2020-07-29,93.582184
2020-07-30,94.714523
2020-07-31,104.630058
2020-08-03,107.266495
2020-08-04,107.982857
2020-08-05,108.374229
2020-08-06,112.155319
2020-08-07,109.605385
2020-08-10,111.198486
2020-08-11,107.891457
2020-08-12,111.477142
2020-08-13,113.450035
2020-08-14,113.348923
2020-08-17,113.052979
2020-08-18,113.995033
2020-08-19,114.138062
2020-08-20,116.670738
2020-08-21,122.683083
2020-08-24,124.150383
2020-08-25,123.131897
2020-08-26,124.806374
2020-08-27,123.314392
2020-08-28,123.114647
2020-08-31,127.289711
2020-09-01,132.360001
2020-09-02,129.617706
2020-09-03,119.240417
2020-09-04,119.319313
2020-09-08,111.289726
2020-09-09,115.728706
2020-09-10,111.950645
2020-09-11,110.480858
2020-09-14,113.795273
2020-09-15,113.972847
2020-09-16,110.609077
2020-09-17,108.843369
2020-09-18,105.390839
2020-09-21,108.586899
2020-09-22,110.293434
2020-09-23,105.667046
2020-09-24,106.752121
2020-09-25,110.757057
2020-09-28,113.400703
2020-09-29,112.542511
2020-09-30,114.239174
2020-10-01,115.205894
2020-10-02,111.487015
2020-10-05,114.91983
2020-10-06,111.625122
2020-10-07,113.519089
2020-10-08,113.410568
2020-10-09,115.383446
2020-10-12,122.712669
2020-10-13,119.45742
2020-10-14,119.546196
2020-10-15,119.072701
2020-10-16,117.405632
2020-10-19,114.406868
2020-10-20,115.916122
2020-10-21,115.284798
2020-10-22,114.179985
2020-10-23,113.479614
2020-10-26,113.489487
2020-10-27,115.018463
2020-10-28,109.691696
2020-10-29,113.755814
2020-10-30,107.383453
2020-11-02,107.294655
2020-11-03,108.942017
2020-11-04,113.390846
2020-11-05,117.415497
2020-11-06,117.282112
2020-11-09,114.940231
2020-11-10,114.59436
2020-11-11,118.072617
2020-11-12,117.795929
2020-11-13,117.845329
2020-11-16,118.873016
2020-11-17,117.973808
2020-11-18,116.629936
2020-11-19,117.232704
2020-11-20,115.948105
2020-11-23,112.499512
2020-11-24,113.803856
2020-11-25,114.653656
2020-11-27,115.207016
2020-11-30,117.637825
2020-12-01,121.264313
2020-12-02,121.620033
2020-12-03,121.481689
2020-12-04,120.799866
2020-12-07,122.282089
2020-12-08,122.904602
2020-12-09,120.335449
2020-12-10,121.77813
2020-12-11,120.95797
2020-12-14,120.335449
2020-12-15,126.363091
2020-12-16,126.293922
2020-12-17,127.17334
2020-12-18,125.157562
2020-12-21,126.708923
2020-12-22,130.315643
2020-12-23,129.406555
2020-12-24,130.404556
2020-12-28,135.068573
2020-12-29,133.270157
2020-12-30,132.133835
2020-12-31,131.116058
2021-01-04,127.874969
2021-01-05,129.455948
2021-01-06,125.098274
2021-01-07,129.36705
2021-01-08,130.483658
2021-01-11,127.450035
2021-01-12,127.272186
2021-01-13,129.337387
2021-01-14,127.380875
2021-01-15,125.631874
2021-01-19,126.313683
2021-01-20,130.463882
2021-01-21,135.246445
2021-01-22,137.420364
2021-01-25,141.224701
2021-01-26,141.461838
2021-01-27,140.374893
2021-01-28,135.463837
2021-01-29,130.394669
2021-02-01,132.548843
2021-02-02,133.388763
2021-02-03,132.351181
2021-02-04,135.760284
2021-02-05,135.339706
2021-02-08,135.488144
2021-02-09,134.597504
2021-02-10,133.983932
2021-02-11,133.726639
2021-02-12,133.964142
2021-02-16,131.806778
2021-02-17,129.481186
2021-02-18,128.362915
2021-02-19,128.521255
2021-02-22,124.691444
2021-02-23,124.552902
2021-02-24,124.048203
2021-02-25,119.733475
2021-02-26,120.000679
2021-03-01,126.46286
2021-03-02,123.820595
2021-03-03,120.792358
2021-03-04,118.882401
2021-03-05,120.158997
2021-03-08,115.151558
2021-03-09,119.832436
2021-03-10,118.733963
2021-03-11,120.693405
2021-03-12,119.773056
2021-03-15,122.702316
2021-03-16,124.265907
2021-03-17,123.464325
2021-03-18,119.278244
2021-03-19,118.743851
2021-03-22,122.108551
2021-03-23,121.26738
2021-03-24,118.842819
2021-03-25,119.337624
2021-03-26,119.951195
2021-03-29,120.129326
2021-03-30,118.6548
2021-03-31,120.881432
2021-04-01,121.722603
2021-04-05,124.592484
2021-04-06,124.899261
2021-04-07,126.571709
2021-04-08,129.006149
2021-04-09,131.618729
2021-04-12,129.877029
2021-04-13,133.033875
2021-04-14,130.658829
2021-04-15,133.103165
2021-04-16,132.766693
2021-04-19,133.439636
2021-04-20,131.7276
2021-04-21,132.113541
2021-04-22,130.569748
2021-04-23,132.925034
2021-04-26,133.320892
2021-04-27,132.994293
2021-04-28,132.192749
2021-04-29,132.09375
2021-04-30,130.094742
2021-05-03,131.163498
2021-05-04,126.522224
2021-05-05,126.769646
2021-05-06,128.392609
2021-05-07,129.076614
2021-05-10,125.745842
2021-05-11,124.814026
2021-05-12,121.701355
2021-05-13,123.88221
2021-05-14,126.340614
2021-05-17,125.170898
2021-05-18,123.76326
2021-05-19,123.604645
2021-05-20,126.201836
2021-05-21,124.338196
2021-05-24,125.993668
2021-05-25,125.795403
2021-05-26,125.745842
2021-05-27,124.189514
2021-05-28,123.525337
2021-06-01,123.198212
2021-06-02,123.971428
2021-06-03,122.464653
2021-06-04,124.794197
2021-06-07,124.804115
2021-06-08,125.636803
2021-06-09,126.023392
2021-06-10,125.012291
2021-06-11,126.241486
2021-06-14,129.344254
2021-06-15,128.511551
2021-06-16,129.017105
2021-06-17,130.642822
2021-06-18,129.324417
2021-06-21,131.148407
2021-06-22,132.813766
2021-06-23,132.536224
2021-06-24,132.248734
2021-06-25,131.951355
2021-06-28,133.606827
2021-06-29,135.143311
2021-06-30,135.767853
2021-07-01,136.075134
2021-07-02,138.741745
2021-07-06,140.783783
2021-07-07,143.31163
2021-07-08,141.99321
2021-07-09,143.846909
2021-07-12,143.242203
2021-07-13,144.372269
2021-07-14,147.851715
2021-07-15,147.187561
2021-07-16,145.115768
2021-07-19,141.210037
2021-07-20,144.877838
2021-07-21,144.134354
2021-07-22,145.522202
2021-07-23,147.266861
2021-07-26,147.69313
2021-07-27,145.492462
2021-07-28,143.718018
2021-07-29,144.372269
2021-07-30,144.590363
2021-08-02,144.253326
2021-08-03,146.077301
2021-08-04,145.670868
2021-08-05,145.779922
2021-08-06,145.084991
2021-08-09,145.035339
2021-08-10,144.548874
2021-08-11,144.807007
2021-08-12,147.81514
2021-08-13,148.023636
2021-08-16,150.029022
2021-08-17,149.105759
2021-08-18,145.303406
2021-08-19,145.64093
2021-08-20,147.120178
2021-08-23,148.629227
2021-08-24,148.539856
2021-08-25,147.288956
2021-08-26,146.474884
2021-08-27,147.527222
2021-08-30,152.014587
2021-08-31,150.733917
2021-09-01,151.408997
2021-09-02,152.540756
2021-09-03,153.186081
2021-09-07,155.558838
2021-09-08,153.990219
2021-09-09,152.957748
2021-09-10,147.894562
2021-09-13,148.470367
2021-09-14,147.05069
2021-09-15,147.954132
2021-09-16,147.715836
2021-09-17,145.005554
2021-09-20,141.908096
2021-09-21,142.394547
2021-09-22,144.797073
2021-09-23,145.770004
2021-09-24,145.859344
2021-09-27,144.320526
2021-09-28,140.885513
2021-09-29,141.798889
2021-09-30,140.478485
2021-10-01,141.620163
2021-10-04,138.135513
2021-10-05,140.091309
2021-10-06,140.974869
2021-10-07,142.255554
2021-10-08,141.868362
2021-10-11,141.779037
2021-10-12,140.488403
2021-10-13,139.892746
2021-10-14,142.722137
2021-10-15,143.794342
2021-10-18,145.49205
2021-10-19,147.686066
2021-10-20,148.182449
2021-10-21,148.400864
2021-10-22,147.616577
2021-10-25,147.56694
2021-10-26,148.242035
2021-10-27,147.775436
2021-10-28,151.468567
2021-10-29,148.718552
2021-11-01,147.884628
2021-11-02,148.936966
2021-11-03,150.396378
2021-11-04,149.870193
2021-11-05,150.407059
2021-11-08,149.571915
2021-11-09,149.939758
2021-11-10,147.066452
2021-11-11,147.016754
2021-11-12,149.124527
2021-11-15,149.13446
2021-11-16,150.128677
2021-11-17,152.604324
2021-11-18,156.95903
2021-11-19,159.623581
2021-11-22,160.090866
2021-11-23,160.478638
2021-11-24,161.005569
2021-11-26,155.905167
2021-11-29,159.315384
2021-11-30,164.346176
2021-12-01,163.819229
2021-12-02,162.815063
2021-12-03,160.906128
2021-12-06,164.366058
2021-12-07,170.19223
2021-12-08,174.069733
2021-12-09,173.552734
2021-12-10,178.41452
2021-12-13,174.725937
2021-12-14,173.324066
2021-12-15,178.265396
2021-12-16,171.265991
2021-12-17,170.152466
2021-12-20,168.770493
2021-12-21,171.991791
2021-12-22,174.626511
2021-12-23,175.262802
2021-12-27,179.289444
2021-12-28,178.255432
2021-12-29,178.344925
2021-12-30,177.171722
2021-12-31,176.54538
2022-01-03,180.959732
2022-01-04,178.663071
2022-01-05,173.91066
2022-01-06,171.007523
2022-01-07,171.176529
2022-01-10,171.196426
2022-01-11,174.069733
2022-01-12,174.517136
2022-01-13,171.196426
2022-01-14,172.07135
2022-01-18,168.820206
2022-01-19,165.270798
2022-01-20,163.560715
2022-01-21,161.472855
2022-01-24,160.687393
2022-01-25,158.858017
2022-01-26,158.768539
2022-01-27,158.301254
2022-01-28,169.347153
2022-01-31,173.771469
2022-02-01,173.602448
2022-02-02,174.825348
2022-02-03,171.902313
2022-02-04,171.613632
2022-02-07,170.886917
2022-02-08,174.042633
2022-02-09,175.486099
2022-02-10,171.344833
2022-02-11,167.880524
2022-02-14,168.119446
2022-02-15,172.01181
2022-02-16,171.772903
2022-02-17,168.119446
2022-02-18,166.546539
2022-02-22,163.579971
2022-02-23,159.349121
2022-02-24,162.00708
2022-02-25,164.10759
2022-02-28,164.376373
2022-03-01,162.465012
2022-03-02,165.809875
2022-03-03,165.481369
2022-03-04,162.43515
2022-03-07,158.582581
2022-03-08,156.730957
2022-03-09,162.216141
2022-03-10,157.806107
2022-03-11,154.033157
2022-03-14,149.941666
2022-03-15,154.391541
2022-03-16,158.871262
2022-03-17,159.896637
2022-03-18,163.241501
2022-03-21,164.635193
2022-03-22,168.059723
2022-03-23,169.443451
2022-03-24,173.286057
2022-03-25,173.933136
2022-03-28,174.809189
2022-03-29,178.154037
2022-03-30,176.969406
2022-03-31,173.823639
2022-04-01,173.524963
2022-04-04,177.636383
2022-04-05,174.271591
2022-04-06,171.056152
2022-04-07,171.364746
2022-04-08,169.32399
2022-04-11,165.003525
2022-04-12,166.904938
2022-04-13,169.632584
2022-04-14,164.545593
2022-04-18,164.326599
2022-04-19,166.646088
2022-04-20,166.476868
2022-04-21,165.670517
2022-04-22,161.06134
2022-04-25,162.146454
2022-04-26,156.093842
2022-04-27,155.864883
2022-04-28,162.90303
2022-04-29,156.940002
2022-05-02,157.248627
2022-05-03,158.761765
2022-05-04,165.272324
2022-05-05,156.063995
2022-05-06,156.801712
2022-05-09,151.597595
2022-05-10,154.040131
2022-05-11,146.054504
2022-05-12,142.12648
2022-05-13,146.662659
2022-05-16,145.097427
2022-05-17,148.786179
2022-05-18,140.391785
2022-05-19,136.932327
2022-05-20,137.171585
2022-05-23,142.674805
2022-05-24,139.933167
2022-05-25,140.092697
2022-05-26,143.342758
2022-05-27,149.184952
2022-05-31,148.38739
2022-06-01,148.257782
2022-06-02,150.750183
2022-06-03,144.937912
2022-06-06,145.695602
2022-06-07,148.257782
2022-06-08,147.510071
2022-06-09,142.206238
2022-06-10,136.712997
2022-06-13,131.478958
2022-06-14,132.356277
2022-06-15,135.018158
2022-06-16,129.66449
2022-06-17,131.159927
2022-06-21,135.456833
2022-06-22,134.938416
2022-06-23,137.849533
2022-06-24,141.229218
2022-06-27,141.229218
2022-06-28,137.022064
2022-06-29,138.80661
2022-06-30,136.304245
2022-07-01,138.507507
2022-07-05,141.129517
2022-07-06,142.485397
2022-07-07,145.904968
2022-07-08,146.59285
2022-07-11,144.429443
2022-07-12,145.416443
2022-07-13,145.047577
2022-07-14,148.018509
2022-07-15,149.713348
2022-07-18,146.622772
2022-07-19,150.540817
2022-07-20,152.574615
2022-07-21,154.877594
2022-07-22,153.621414
2022-07-25,152.484894
2022-07-26,151.139008
2022-07-27,156.313202
2022-07-28,156.871521
2022-07-29,162.015808
2022-08-01,161.01886
2022-08-02,159.523407
2022-08-03,165.624817
2022-08-04,165.305786
2022-08-05,165.076172
2022-08-08,164.596954
2022-08-09,164.646866
2022-08-10,168.959732
2022-08-11,168.210968
2022-08-12,171.814987
2022-08-15,172.903183
2022-08-16,172.743439
2022-08-17,174.260925
2022-08-18,173.861588
2022-08-19,171.235947
2022-08-22,167.292496
2022-08-23,166.953049
2022-08-24,167.252548
2022-08-25,169.748413
2022-08-26,163.349014
2022-08-29,161.112747
2022-08-30,158.646835
2022-08-31,156.959625
2022-09-01,157.69841
2022-09-02,155.551956
2022-09-06,154.274078
2022-09-07,155.701721
2022-09-08,154.204208
2022-09-09,157.109375
2022-09-12,163.159332
2022-09-13,153.58522
2022-09-14,155.05278
2022-09-15,152.117645
2022-09-16,150.450424
2022-09-19,154.224152
2022-09-20,156.640152
2022-09-21,153.465424
2022-09-22,152.487045
2022-09-23,150.180862
2022-09-26,150.520309
2022-09-27,151.508667
2022-09-28,149.591843
2022-09-29,142.244034
2022-09-30,137.971115
2022-10-03,142.214081
2022-10-04,145.858047
2022-10-05,146.157532
2022-10-06,145.189148
2022-10-07,139.857986
2022-10-10,140.187439
2022-10-11,138.749832
2022-10-12,138.110886
2022-10-13,142.753204
2022-10-14,138.150833
2022-10-17,142.174164
2022-10-18,143.511932
2022-10-19,143.62175
2022-10-20,143.152527
2022-10-21,147.026108
2022-10-24,149.202484
2022-10-25,152.087708
2022-10-26,149.102661
2022-10-27,144.560196
2022-10-28,155.482086
2022-10-31,153.086044
2022-11-01,150.400497
2022-11-02,144.78981
2022-11-03,138.650009
2022-11-04,138.380005
2022-11-07,138.919998
2022-11-08,139.5
2022-11-09,134.869995
2022-11-10,146.869995
2022-11-11,149.699997
2022-11-14,148.279999
2022-11-15,150.039993
2022-11-16,148.789993
2022-11-17,150.720001
2022-11-18,151.289993
2022-11-21,148.009995
2022-11-22,150.179993
2022-11-23,151.070007
2022-11-25,148.110001
2022-11-28,144.220001
2022-11-29,141.169998
2022-11-30,148.029999
2022-12-01,148.309998
2022-12-02,147.809998
2022-12-05,146.630005
2022-12-06,142.910004
2022-12-07,140.940002
2022-12-08,142.649994
2022-12-09,142.160004
2022-12-12,144.490005
2022-12-13,145.470001
2022-12-14,143.210007
2022-12-15,136.5
2022-12-16,134.509995
2022-12-19,132.369995
2022-12-20,132.300003
2022-12-21,135.449997
2022-12-22,132.229996
2022-12-23,131.860001
2022-12-27,130.029999
2022-12-28,126.040001
2022-12-29,129.610001